007 - EVERYTHING OR NOTHING,SLES_520.05,DVD
007 - NightFire,SLES_512.60,DVD
007 - TOMORROW NEVER DIES1,SLES_013.24,CD
007 Agent Under Fire,SLES_505.39,DVD
007 From Russia with Love,SLES_535.53,DVD
007 Quantum of Solace,SLES_553.45,DVD
007 The World Is Not Enough,SLUS_012.72,CD
187 - RIDE OR DIE,SLUS_211.16,DVD
1XTREME,SCUS_945.03,CD
24 The Game,SCES_533.58,DVD
25 TO LIFE,SLUS_210.16,DVD
2XTREME,SCUS_945.08,CD
3D BASEBALL - THE MAJORS,SLUS_000.66,CD
50 CENT BULLETPROOF,SLUS_213.15,DVD
7 SINS,SLES_532.80,DVD
89 Arcade Classics,USGR_999.99,DVD
AC The Belkan War,SCES_540.41,DVD
Ace Combat 04 Shattered Skies,SLUS_201.52,DVD
ACE COMBAT 3 - ELECTROSPHERE,SLUS_009.72,CD
Ace Combat Distant Thunder,SCES_504.10,DVD
Ace Combat Squadron Leader,SCES_524.24,DVD
Age of Empires II Age of Kings,SLES_502.82,CD
AIR COMBAT,SLUS_000.01,CD
Alien Hominid,SLES_531.39,DVD
ALIEN RESURRECTION,SLES_029.13,CD
ALIEN TRILOGY,SLES_001.01,CD
Aliens vs Predator - Extinction,SLUS_201.47,DVD
Alone in the Dark,SLES_552.07,DVD
ALONE IN THE DARK 2 ONE EYED,SLUS_002.39,CD
Alone in the Dark TNN,SLES_501.85,DVD
Alone in the Dark TNN (Disc 1),SLES_028.04,CD
Alone in the Dark TNN (Disc 2),SLES_128.04,CD
ALTERED BEAST,SLES_530.24,DVD
ALUNDRA,SLES_012.58,CD
ALUNDRA 2,SLUS_010.17,CD
American Chopper,SLUS_210.69,DVD
Angry Birds Star Wars,SLUS_624.42,DVD
Animaniacs The Great Edgar Hunt,SLES_527.29,DVD
Ape Escape,SCUS_944.23,CD
APOCALYPSE,SLUS_003.73,CD
Area 51,SLES_525.70,DVD
ARMORED CORE [REPRINT],SLUS_013.23,CD
ARMY MEN - AIR ATTACK 2,SLES_032.30,CD
ARMY MEN - GREEN ROGUE,SLUS_013.30,CD
ARMY MEN - SARGES HEROES,SLES_026.29,CD
Army Men - Sarges Heroes 2,SLES_501.92,DVD
Army Men - Sarges War,SLES_525.87,DVD
ARMY MEN - WORLD WAR,SLUS_010.79,CD
ARMY MEN - WORLD WAR FF,SLUS_013.27,CD
ARMY MEN 3D,SLES_023.78,CD
Army Men Air Attack,SLES_026.20,CD
Army Men Air Attackborrar,SLES_026.20,CD
Asterix at the Olympic Games,SLES_550.34,DVD
ATV Offroad Fury 4,SCES_546.88,DVD
Backyard Baseball 10,SLUS_218.84,DVD
Bad Boys Miami Takedown,SLUS_209.82,DVD
Bakugan Battle Brawlers,SLES_555.79,DVD
Bakuganrip,SLES_555.79,DVD
Baldurs Gate - Dark Alliance,SLES_506.72,DVD
Barbie 12 Dancing Princesses,SLES_546.08,DVD
Barbie Horse Adventure,SLES_518.45,DVD
Batman - Rise of Sin-Tzu,SLUS_207.09,DVD
BATMAN BEGINS,SLES_533.87,DVD
batman beyond,SLUS_012.07,CD
Batman Vengeance,SLES_503.55,DVD
BATMAN_FOREVER_THE_ARCADE_GAME,SLUS_003.87,CD
Battle Stadium DON,SLPS_256.75,DVD
Battlefield 2 - Modern Combat,SLES_537.29,DVD
BATTLETANX - GLOBAL ASSAULT,SLES_027.74,CD
Beat Down Fists of Vengeance,SLES_535.05,DVD
Ben 10 Alien Force,SLUS_218.15,DVD
Ben 10 Protector of Earth,SLES_549.52,DVD
Ben10 Ultimate Alien Cosmic,SLUS_219.38,DVD
Beyond Good and Evil,SLUS_207.63,DVD
Billy & Mandy,SLUS_214.51,DVD
Billy Mandy,SLUS_214.51,DVD
BIO FREAKS,SLUS_005.02,CD
BLACK,SLES_538.86,DVD
BLADE,SLUS_012.15,CD
Blade II,SLUS_203.60,DVD
Bleach - Blade Battles,SCPS_151.16,DVD
BloodRayne 2,SLES_538.31,DVD
BLOODY ROAR,SCUS_941.99,CD
BLOODY ROAR 3,SLUS_202.12,DVD
Bloody Roar 4,SLES_518.77,DVD
Bloody Roar II,SCUS_944.24,CD
Bombastic,SLUS_207.64,DVD
Bomberman Land 3,SLPM_626.43,DVD
BREATH OF FIRE III,SLUS_004.22,CD
Brothers in Arms Earned in Blood,SLES_536.59,DVD
Brothers in Arms Road to Hill 30,SLES_528.88,DVD
Buffy the Vampire Slayer,SLES_518.90,DVD
BUGS BUNNY - LOST IN TIME,SLES_017.26,CD
BUGS BUNNY TAZ - TIME BUSTERS,SLUS_011.44,CD
Bully,SLES_535.61,DVD
Bully rip,SLES_535.61,DVD
Burnout 2 - Point of Impact,SLES_510.44,DVD
Burnout 3 - Takedown,SLES_525.84,DVD
BUSHIDO BLADE,SCUS_941.80,CD
BUSHIDO BLADE 2,SLUS_006.63,CD
BUST A GROOVE 2,SLUS_011.59,CD
Bust-A-Groove,SCES_013.13,CD
Buzz Lightyear of Star Command,SLES_033.10,CD
Cadillacs and Dinosaurs,SLUS_124.21,DVD
CALL OF DUTY - FINEST HOUR,SLES_527.83,DVD
Call of Duty 2 Big Red One,SLES_534.16,DVD
CALL OF DUTY 3,SLUS_214.26,DVD
Call of Duty World at War,SLES_553.67,DVD
CAPCOM VS SNK - MILLENNIUM FIGHT,SLUS_014.76,CD
Capcom vs SNK 2,SLUS_202.46,DVD
Captain Commando,SLUS_472.46,DVD
Captain Tsubasa,SLPS_256.91,DVD
CARMAGEDDON,SLES_019.60,CD
CASTLEVANIA - CHRONICLES,SLUS_013.84,CD
Castlevania - Curse of Darkness,SLES_537.55,DVD
Castlevania Lament of Innocence,SLES_521.18,DVD
Castlevania SOTN,SLUS_000.67,CD
Champions of Norrath,SLES_523.73,DVD
Chaos Legion,SLES_515.53,DVD
CHASE THE EXPRESS - [ 2 DISCS ],SCES_028.16,CD
Chase the Express (Disc 2),SCES_128.16,CD
CLOCK TOWER,SLUS_005.39,CD
CLOCK TOWER - THE FIRST FEAR,SLPS_009.17,CD
CLOCK TOWER 2 THE STRUGGLE WITHI,SLUS_006.95,CD
CLOCK TOWER 3,SLES_516.19,DVD
COLD FEAR,SLUS_210.47,DVD
Cold Winter,SLES_529.63,DVD
COLIN MCRAE RALLY,SCUS_944.74,CD
Colin McRae Rally 04,SLES_518.24,DVD
Colin McRae Rally 2,SLUS_012.22,CD
Colin McRae Rally 2005,SLES_526.36,DVD
Command Conquer (Disc 1) (GDI),SLUS_003.79,CD
Command Conquer (Disc 2) (NOD),SLUS_004.10,CD
Conflict Desert Storm,SLES_509.02,DVD
Conflict Desert Storm II,SLES_515.23,DVD
Conflict Global Storm,SLES_525.73,DVD
Conflict Global Terror,SLUS_211.72,DVD
Conflict Vietnam,SLES_526.30,DVD
Constantine,SLES_528.72,DVD
CONTRA LEGACY,SLUS_002.88,CD
Coraline,SLES_554.70,DVD
Coraline,SLUS_218.54,DVD
Crash Bandicoot,SCUS_949.00,CD
Crash Bandicoot - Warped,SCUS_942.44,CD
Crash Bandicoot 2,SCUS_941.54,CD
Crash Bandicoot 4,SLES_503.86,DVD
Crash Bash,SCUS_945.70,CD
Crash Mind over Mutant,SLES_552.04,DVD
Crash n Burn,SLES_523.39,DVD
Crash Nitro Kart,SLES_515.11,DVD
CRASH OF THE TITANS,SLES_548.41,DVD
Crash Tag Team Racing,SLUS_211.91,DVD
Crash Team Racing [SCUS-94426],SCUS_944.26,CD
CRASH TWINSANITY,SLES_525.68,DVD
Crazy Taxi,SLES_502.15,DVD
Crime Life - Gang Wars,SLES_521.22,DVD
CROC - LEGEND OF THE GOBBOS,SLUS_005.30,CD
CROC 2,SLUS_006.34,CD
CSI - 3 DIMENSIONS OF MURDER,SLUS_216.55,DVD
CT SPECIAL FORCES,SLES_039.86,CD
Culdcept,SLUS_207.74,DVD
Dance Dance Revolution 3rd Mix,SLPM_865.03,CD
DARKSTONE,SLUS_011.82,CD
Darkwatch,SLES_535.64,DVD
DB Manga Full Color,SLUS_216.78,DVD
DBZ BT Crossover v1,SLUS_216.78,DVD
DBZ BT Crossover v1,SLUS_216.78,DVD
DBZ BudoKAI Beta 2,SLUS_205.91,DVD
DBZ Budokai Tenkaichi 3 INGLES,SLUS_216.78,DVD
DBZ Sparking Meteor,SLPS_258.15,DVD
DDR FESTIVAL,SLPM_657.75,DVD
DDRMAX2 Dance Dance Revolution,SLUS_207.11,DVD
DEAD OR ALIVE,SLUS_006.06,CD
Dead or Alive 2,SCES_500.03,DVD
DEAD TO RIGHTS,SLES_515.81,DVD
DECEPTION III,SLUS_010.67,CD
Deception III - Dark Delusion,SLUS_010.67,CD
DEF JAM - FIGHT FOR NY,SLUS_210.04,DVD
DEF JAM VENDETTA,SLUS_206.39,DVD
Delta Force Black Hawk Down,SLES_541.15,DVD
DEMOLITION RACER,SLUS_009.69,CD
Despicable Me,SLES_556.25,DVD
Destrega,SLUS_007.32,CD
Destroy All Humans,SLES_531.96,DVD
DESTRUCTION DERBY,SCES_000.08,CD
DESTRUCTION DERBY 2,SLES_002.99,CD
DESTRUCTION DERBY RAW,SLUS_009.12,CD
Devil May Cry,SLES_503.58,DVD
Devil May Cry 2 (Disc 1) rip,SLES_820.11,DVD
Devil May Cry 2 (Disc 2) rip,SLES_820.12,DVD
Devil May Cry 3 DA,SLES_530.38,DVD
Devil May Cry ntsc,SLUS_202.16,DVD
DIABLO,SLUS_006.19,CD
Die Hard Trilogy,SLUS_001.19,CD
DIE HARD TRILOGY 2,SLUS_010.15,CD
DIGIMON RUMBLE ARENA,SLUS_014.04,CD
DIGIMON RUMBLE ARENA 2,SLES_526.31,DVD
Digimon World - Data Squad,SLUS_215.98,DVD
Digimon World (USA),SLUS_010.32,CD
DIGIMON WORLD 2,SLUS_011.93,CD
DIGIMON WORLD 2003,SLES_039.36,CD
DIGIMON WORLD 4,SLES_534.05,DVD
Dino Crisis,SLUS_009.22,CD
DINO CRISIS 2,SLUS_012.79,CD
DINO STALKER,SLUS_204.85,DVD
Dirge of Cerberus,SLES_541.85,DVD
Disney Bolt,SLES_554.29,DVD
DISNEY PIXAR - TOY STORY RACER,SLUS_012.14,CD
Disney-Pixar WALL-E,SLUS_217.36,DVD
DisneyPixar Cars,SLES_540.07,DVD
DisneyPixar Cars,SLUS_216.37,DVD
DisneyPixar Los Increíbles,SLES_528.16,DVD
DisneyPixar Ratatouille,SLES_547.47,DVD
DisneyPixar Toy Story 2,SLUS_008.93,CD
DisneyPixar Toy Story 3,SLES_556.22,DVD
DisneyPixar Up,SLES_555.23,DVD
Disneys Aladdin,SCUS_945.69,CD
DISNEYS HERCULES,SCES_008.95,CD
DISNEYS LILO STITCH,SCUS_946.46,CD
Disneys Tarzan,SLUS_015.37,CD
DISNEYS TARZAN FREERIDE UNTAMED,SLES_503.50,DVD
DISNEYS THE LION KING II,SLUS_012.82,CD
DKWDRV,DKWDRV.ELF,CD
DMC 3 Dantes Awakening SE,SLES_541.86,DVD
Doom,SLUS_743.43,DVD
Doom II,SLUS_743.42,DVD
Downhill Domination,SLES_522.02,DVD
Dracula Last Sanctuary (Disc 1),SLUS_014.40,CD
Dracula Last Sanctuary (Disc 2),SLUS_014.43,CD
Dracula Resurrection (Disc 1),SLUS_012.84,CD
Dracula Resurrection (Disc 2),SLUS_013.16,CD
DRAGON BALL GT - FINAL BOUT,SLUS_004.93,CD
Dragon Ball Z - Infinite World,SLES_553.47,DVD
Dragon Ball Z - Sagas,SLUS_208.74,DVD
Dragon Ball Z Budokai,SLES_512.33,DVD
Dragon Ball Z Budokai 2,SLES_518.39,DVD
Dragon Ball Z Budokai 3,SLES_527.30,DVD
Dragon ball Z Canon V7,SLUS_216.78,DVD
DRAGON BALL Z LEGENDS,SLPS_003.55,CD
Dragon Ball Z Tenkaichi,SLES_532.00,DVD
Dragon Ball Z Tenkaichi 2,SLES_541.64,DVD
Dragon Ball Z Tenkaichi 3,SLUS_216.78,DVD
Dragon Ball Z Tenkaichi 4 B13,SLUS_219.78,DVD
DragonBall Z Sparking NEO,SLPS_256.90,DVD
Drakengard,SLES_523.22,DVD
DREAMWORKS KUNG FU PANDA,SLES_552.36,DVD
DreamWorks Shrek the Third,SLES_547.71,DVD
DreamWorks Shreks Carnival Craze,SLES_554.60,DVD
DreamWorks Vecinos Invasores,SLES_539.87,DVD
Driver - Parallel Lines,SLUS_212.71,DVD
DRIVER - YOU ARE THE WHEELMAN,SLUS_008.42,CD
Driver 2 (Disc 1),SLUS_011.61,CD
Driver 2 (Disc 2),SLUS_013.18,CD
Driver 3,SLUS_205.87,DVD
DUKE NUKEM - LAND OF THE BABES,SLES_034.05,CD
DUKE NUKEM - TIME TO KILL,SLUS_005.83,CD
DUKE NUKEM - TOTAL MELTDOWN,SLUS_003.55,CD
Dynasty Tactics 2,SLUS_207.61,DVD
Dynasty Warriors,SLUS_004.38,CD
Dynasty Warriors 3,SLES_506.41,DVD
Dynasty Warriors 4,SLUS_206.53,DVD
Dynasty Warriors 6,SLUS_217.74,DVD
EARTHWORM JIM 2,SLES_003.43,CD
Echo Night Beyond,SLUS_209.28,DVD
EGYPT 1156 BCE,SLES_016.00,CD
EGYPT II,SLES_033.73,CD
EHRGEIZ,SLUS_008.09,CD
EHRGEIZ - GOD BLESS THE RING,SLUS_008.09,CD
Einhander,SCUS_942.43,CD
El Padrino,SLES_539.71,DVD
ERAGON,SLES_541.59,DVD
ESDLA El Retorno del Rey,SLES_520.20,DVD
ESDLA Las Dos Torres,SLES_512.56,DVD
ESPN NFL 2K5,SLUS_209.19,DVD
ESPN X-GAMES PRO BOARDER,SLUS_007.04,CD
Evil Dead A Fistful of Boomstick,SLUS_204.03,DVD
Evil Dead Hail to King (Disc 1),SLUS_010.72,CD
Evil Dead Hail to King (Disc 2),SLUS_013.26,CD
Evil Dead Regeneration,SLES_534.57,DVD
Evil Twin Cypriens Chronicles,SLES_502.01,DVD
Extermination,SCES_502.40,DVD
F1 RACING CHAMPIONSHIP,SLES_025.01,CD
Fahrenheit,SLES_535.40,DVD
Fallout Brotherhood of Steel,SLES_515.26,DVD
FAMILY,SLUS_000.09,DVD
Family Guy Video Game,SLES_541.26,DVD
FATAL FURY - WILD AMBITION,SLUS_010.01,CD
Fear Effect (Disc 1),SLES_021.66,CD
Fear Effect (Disc 2),SLES_121.66,CD
Fear Effect (Disc 3),SLES_221.66,CD
Fear Effect (Disc 4),SLES_321.66,CD
Fear Effect 2 (Disc 1),SLES_033.86,CD
Fear Effect 2 (Disc 2),SLES_133.86,CD
Fear Effect 2 (Disc 3),SLES_233.86,CD
Fear Effect 2 (Disc 4),SLES_333.86,CD
FIFA 06,SLUS_212.80,DVD
FIFA 09,SLES_552.45,DVD
FIFA 10,SLES_555.81,DVD
FIFA 11,SLES_556.43,DVD
FIFA 12,SLUS_219.47,DVD
FIFA 13,SLES_556.64,DVD
FIFA 14,SLUS_270.93,DVD
FIFA 2005,SLUS_210.51,DVD
FIFA 21,SLUS_270.93,DVD
FIFA 21,SLUS_270.93,DVD
FIFA 99,SLES_015.88,CD
FIFA Road to World Cup 98,SLES_009.14,CD
Fifa Soccer 07,SLUS_214.33,DVD
FIFA Soccer 10,SLUS_219.05,DVD
FIFA Soccer 11,SLUS_219.41,DVD
FIFA Soccer 2004,SLUS_207.50,DVD
FIFA SOCCER 2005,SLUS_015.85,CD
Fifa Street,SLES_530.64,DVD
FIFA Street 2,SLUS_213.69,DVD
Fifa World Cup Germany 2006,SLUS_214.08,DVD
Fight Night 2004,SLUS_209.06,DVD
Fight Night Round 3,SLES_539.82,DVD
FIGHTING FORCE,SLES_007.31,CD
FIGHTING FORCE 2,SLES_022.37,CD
Final Fantasy IX (Disc 1),SLES_029.69,CD
Final Fantasy IX (Disc 2),SLES_129.69,CD
Final Fantasy IX (Disc 3),SLES_229.69,CD
Final Fantasy IX (Disc 4),SLES_329.69,CD
FINAL FANTASY TACTICS,SCUS_942.21,CD
Final Fantasy VII (Disc 1),SCUS_941.63,CD
Final Fantasy VII (Disc 2),SCUS_941.64,CD
Final Fantasy VII (Disc 3),SCUS_941.65,CD
Final Fantasy X,SCES_504.94,DVD
Final Fantasy X-2,SLES_518.19,DVD
Final Fantasy XII IZJS patched,SLPM_667.50,DVD
FINAL FIGHT STREETWISE,SLES_538.53,DVD
Firefighter F.D.18,SLES_520.96,DVD
FlatOut,SLES_527.53,DVD
FLATOUT 2,SLES_540.02,DVD
Forbidden Siren,SCES_523.30,DVD
Forbidden Siren 2,SCES_538.51,DVD
Formula 1 06,SCES_539.50,DVD
FORMULA 1 98,SLES_014.21,CD
FORMULA ONE 99,SLUS_008.70,CD
Free Running,SLES_545.59,DVD
Freedom Fighters (PAL) (Español),SLES_514.71,DVD
Freekstyle,SLES_507.53,DVD
Fugitive Hunter - War on Terror,SLUS_204.64,DVD
funkin,SCUS_000.00,CD
G Latino Final Corregido,SLES_556.76,DVD
G.I. Joe The Rise of Cobra,SLES_555.37,DVD
Galerians Ash,SLPS_251.19,DVD
GD Battle Archive 1,SLPS_256.64,DVD
Getting Up,SLES_534.59,DVD
GEX,SLES_001.33,CD
GEX - ENTER THE GECKO,SLUS_005.98,CD
Gex Deep Cover Gecko,SLES_012.99,CD
GH Cumbia hero 3,SLUS_214.47,DVD
GH III Rock Nacional,SLUS_216.72,DVD
Ghost in the Shell  SAC,SLES_530.20,DVD
Ghost In The Shell [SLUS-00552],SLUS_005.52,CD
Ghost in the Shell SAC,SLES_530.20,DVD
Ghost Recon Advanced Warfighter,SLES_537.63,DVD
GHOST RIDER,SLES_543.17,DVD
Ghostbusters The Video Game,SCES_555.71,DVD
Gladiator Road to Freedom,SLPS_254.56,DVD
Gladiator Sword of Vengeance,SLES_517.66,DVD
Goal Storm,SLUS_000.69,CD
GOAL STORM 97,SLUS_002.95,CD
God Hand,SLES_544.90,DVD
GOD OF PES 2012 CLOSS,SLES_556.58,DVD
God of pes 2013 v2 todo en 1,SLES_556.58,DVD
GOD OF PES 2014,SLES_556.58,DVD
God Of PES 2023,SLES_556.76,DVD
GOD OF PES V5,SLES_555.89,DVD
God of War,SCES_531.33,DVD
God of War,SCUS_973.99,DVD
God Of War II,SCES_542.06,DVD
God of War II,SCUS_974.81,DVD
God of War II spa,SCES_542.06,DVD
God of War spa,SCES_531.33,DVD
Godzilla Save the Earth,SLES_527.66,DVD
Godzilla Unleashed,SLES_549.60,DVD
GRADIUS DELUXE PACK,SLPS_003.03,CD
GRAN TURISMO,SCUS_941.94,CD
GRAN TURISMO 2 - DISC 1,SCES_023.80,CD
GRAN TURISMO 2 - DISC 2,SCES_123.80,CD
Gran Turismo 3 A-Spec,SCES_502.94,DVD
Gran Turismo 4,SCES_517.19,DVD
Gran Turismo 4 DVD 5,SCUS_973.28,DVD
GRAND THEFT AUTO,SLES_000.32,CD
GRAND THEFT AUTO - LONDON,SLES_033.89,CD
GRAND THEFT AUTO 2,SLUS_007.89,CD
Grand Theft Auto III,SLES_507.93,DVD
Grand Theft Auto IIIRIP,SLES_507.93,DVD
Grand Theft Auto San Andreas,SLUS_209.46,DVD
Grand Theft Auto Vice City,SLES_510.61,DVD
GTA - Liberty City Stories,SLES_541.35,DVD
GTA V,RLGM_209.47,DVD
GTA Vice City Stories,SLES_546.22,DVD
GTA Vice City Stories,SLUS_215.90,DVD
GTASA Phoenix KAIZO,SLUS_209.46,DVD
GUILTY GEAR,SLES_024.94,CD
Guilty Gear XX ACP,SLUS_218.47,DVD
Guitar Hero,SLES_541.32,DVD
Guitar Hero 3 Warriors of Rock,SLUS_216.72,DVD
Guitar Hero 5,SLUS_218.65,DVD
Guitar Hero Aerosmith,SLES_552.00,DVD
Guitar Hero Gold Edition,SLUS_214.47,DVD
Guitar Hero II,SLES_544.42,DVD
Guitar Hero II God 30,SLUS_355.47,DVD
Guitar Hero III Legends of Rock,SLUS_216.72,DVD
Guitar Hero Metallica DVD5,SLUS_218.43,DVD
Guitar Hero Rocks the 80s,SLES_548.60,DVD
Guitar Hero Van Halen dvd 5,SLUS_218.67,DVD
Guitar Hero World Tour,SLUS_217.81,DVD
GUN,SLES_535.23,DVD
Hack - GU Vol1 - Rebirth,SLUS_212.58,DVD
Hack G.U. Vol. 2 Reminisce,SLUS_214.88,DVD
Hack G.U. Vol. 3 Redemption,SLUS_214.89,DVD
Hack Part 4 Quarantine,SLES_524.68,DVD
Hakusho Forever Lat,SLPS_254.99,DVD
HALF LIFE,SLUS_200.66,DVD
Harry Potter - Quidditch,SLUS_207.69,DVD
Harry Potter 1,SLUS_014.15,CD
Harry Potter 5,SLES_547.79,DVD
Harry Potter 6,SLES_552.48,DVD
Harry Potter Chamber of Secrets,SLES_039.73,CD
HARVEST MOON - BACK TO NATURE,SLUS_011.15,CD
Haunted Mansion,SLES_522.16,DVD
Haunting Ground,SLES_528.77,DVD
Heart of Darkness (Disc 1),SLES_004.65,CD
Heart of Darkness (Disc 2),SLES_104.65,CD
HERCS ADVENTURES,SLES_006.45,CD
High School Musical 3,SLES_553.98,DVD
Hitman - Contracts,SLES_521.36,DVD
Hitman 2 Silent Assassin,SLUS_203.74,DVD
Hitman Blood Money,SLES_530.32,DVD
HOT WHEELS - EXTREME RACING,SLES_035.95,CD
HOT WHEELS - TURBO RACING,SLUS_009.64,CD
Hot Wheels - Velocity X,SLUS_204.12,DVD
Hot Wheels - World Race,SLUS_207.37,DVD
HP la camara secreta,SLES_511.95,DVD
HP Prisoner of Azkaban,SLES_524.40,DVD
HP the Goblet of Fire,SLES_537.28,DVD
HP the Goblet of Fire,SLES_537.28,DVD
HP the Philosopher Stone,SLES_520.55,DVD
HP the Philosopher Stone,SLES_520.55,DVD
Hulk,SLES_515.08,DVD
Hunter The Reckoning Wayward,SLUS_205.11,DVD
Ice Age 2 - The Meltdown,SLES_539.84,DVD
ICO,SCES_507.60,DVD
IJ Original Adventures,SLES_551.33,DVD
INITIAL D,SLPS_017.93,CD
INTERNATIONAL SOCCER - EXCITE,SLPS_028.68,CD
International Superstar Soccer,SLUS_006.74,CD
Iron Man,SLES_551.98,DVD
ISS PRO EVOLUTION 2,SLES_033.22,CD
Jackass - The Game,SLES_546.63,DVD
JACKIE CHANS STUNTMASTER,SLUS_006.84,CD
JADE COCOON - STORY OF TAMAMAYU,SLUS_008.54,CD
Jak 3,SCUS_973.30,DVD
Jak and Daxter Precursor Legacy,SCES_503.61,DVD
Jak II Renegade,SCES_516.08,DVD
JAWS UNLEASHED,SLES_541.70,DVD
JEREMY MCGRATH SUPERCROSS 2000,SLES_019.81,CD
JERSEY DEVIL,SCUS_949.07,CD
JOJOS BIZARRE ADVENTURE,SLUS_010.60,CD
Juiced [PAL],SLES_530.44,DVD
Jumanji,SLES_544.27,DVD
Jurassic - The Hunted,SLUS_219.07,DVD
Jurassic Park og,SLES_513.54,DVD
Justice League Heroes,SLES_544.23,DVD
K-1 - GRAND PRIX,SLUS_009.41,CD
K-1 World GP 2006,SLPS_257.10,DVD
Kagero - Deception II,SLUS_006.77,CD
Katamari Damacy,SLUS_210.08,DVD
Killer 7,SLES_533.66,DVD
Killzone,SCES_520.04,DVD
Kingdom Hearts II,SLES_542.35,DVD
Klaymen Neverhood no Nazo,SLPS_013.65,CD
KLONOA - DOOR TO PHANTOMILE,SLUS_005.85,CD
KNOCKOUT KINGS,SLUS_007.37,CD
KOF 2002 UM Tougeki,SLPS_259.83,DVD
KOF Maximum Impact Regulation A,SLPS_257.65,DVD
KOF_98,SLPM_862.01,CD
La Fuga de Monkey Island,SLES_502.29,DVD
LEGACY OF KAIN - BLOOD OMEN 2,SLES_507.72,DVD
LEGACY OF KAIN - SOUL REAVER,SLUS_007.08,CD
Legacy of Kain Defiance,SLES_521.50,DVD
Legacy of Kain Soul Reaver 2,SLES_501.96,DVD
Legend of Mana (USA),SLUS_010.13,CD
LEGO Batman The Videogame,SLUS_217.85,DVD
Lego indiana jones,SLES_551.33,DVD
LEGO Star Wars - The Videogame,SLES_531.94,DVD
LEGO Star Wars II,SLES_542.21,DVD
LEMMINGS,SCES_541.45,DVD
LOONEY TUNES - BACK IN ACTION,SLES_517.94,DVD
Looney Tunes - Sheep Raider,SLUS_013.69,CD
Looney Tunes ACME Arsenal,SLES_549.31,DVD
Looney Tunes Space Race,SLES_504.87,DVD
Los Increibles 2,SLES_534.74,DVD
Los Urbz Sims en la ciudad,SLES_529.08,DVD
Madagascar,SLES_532.46,DVD
Madagascar Escape 2 Africa,SLES_553.74,DVD
MADDEN NFL 99,SLUS_007.29,CD
MADE MAN,SLES_544.43,DVD
Mafia,SLUS_206.71,DVD
Manhunt,SLES_520.23,DVD
MANHUNT 2,SLES_548.19,DVD
Marvel Nemesis - Rise of the Imp,SLES_535.85,DVD
Marvel SHS,SLES_555.72,DVD
MARVEL ULTIMATE ALLIANCE,SLUS_213.74,DVD
Marvel Ultimate Alliance 2,SLUS_218.79,DVD
Marvel vs Capcom,SLUS_010.59,CD
Marvel vs Capcom 2,SLUS_204.86,DVD
MARVEL VS STREET FIGHTER,SLUS_007.93,CD
Max Payne,SLES_503.26,DVD
Max Payne 2,SLES_522.56,DVD
Maximo vs Army of Zin,SLES_517.59,DVD
Medal of Honor - Rising Sun,SLES_518.76,DVD
MEDAL OF HONOR - UNDERGROUND,SLUS_012.70,CD
Medal of Honor (USA),SLUS_009.74,CD
Medal of Honor European Assault,SLES_533.36,DVD
Medal of Honor Frontline,SLES_506.84,DVD
Medal of Honor Vanguard,SLES_546.83,DVD
MEDIEVIL,SCES_014.95,CD
MEDIEVIL,SCUS_942.27,CD
MEDIEVIL II,SCES_025.45,CD
Mega Man 8,SLUS_004.53,CD
Megaman X - Collection,SLUS_213.70,DVD
MegaMan X - Command Mission,SLES_528.32,DVD
MEGAMAN X5,SLUS_013.34,CD
MEGAMAN X6,SLUS_013.95,CD
MEGAMAN X7,SLES_518.85,DVD
MegaMan X8,SLES_529.88,DVD
Mercenaries 2,SLES_550.01,DVD
Mercenaries POD,SLES_530.08,DVD
Metal Gear Solid (Disc 1),SLUS_005.94,CD
Metal Gear Solid (Disc 2),SLUS_007.76,CD
Metal Gear Solid 2 SL,SLES_503.85,DVD
METAL SLUG 3,SLES_525.99,DVD
METAL SLUG 3D,SLPS_256.50,DVD
Metal Slug 6,SLPS_256.74,DVD
METAL SLUG ANTHOLOGY,SLUS_215.50,DVD
MGS 2 Substance,SLES_820.09,DVD
MGS 3 SE,SLES_820.26,DVD
Micro Machines V4,SLES_536.68,DVD
Midnight Club 3 DUB,SLES_529.42,DVD
Midnight Club II,SLES_510.54,DVD
Mission Impossible,SLES_019.06,CD
MK Deception,SLES_527.05,DVD
MLB 99,SCUS_942.33,CD
MLB Power Pros,SLUS_216.71,DVD
Monster House,SLUS_214.00,DVD
Monster Hunter 2 ENG v1.02,SLPM_662.80,DVD
Monster Hunter G,SLPM_658.69,DVD
Monster Jam Urban Assault,SLUS_218.07,DVD
Monster World,SLPM_627.60,DVD
Mortal Kombat  Deadly Alliance,SLES_507.17,DVD
MORTAL KOMBAT - SPECIAL FORCES,SLUS_008.24,CD
MORTAL KOMBAT 4,SLUS_006.05,CD
Mortal Kombat Armageddon,SLUS_215.43,DVD
MORTAL KOMBAT MYTHOLOGIES,SLUS_004.76,CD
Mortal Kombat Shaolin Monks,SLES_535.24,DVD
MORTAL KOMBAT TRILOGY,SLUS_003.30,CD
MOTO RACER WORLD TOUR,SLUS_013.21,CD
MotoGP 4,SCES_528.92,DVD
MTVs Celebrity Deathmatch,SLES_511.89,DVD
MTX Mototrax,SLUS_203.99,DVD
MVP Baseball 2005,SLUS_211.35,DVD
MX vs. ATV Unleashed,SLUS_211.04,DVD
Mystical Ninja,SLPM_650.14,DVD
Namco Museum 50th Anniversary,SLES_539.57,DVD
namCollection,SLPS_255.00,DVD
NANA,SLPM_659.14,DVD
NARC,SLUS_207.30,DVD
Naruto - Narutimate Hero 3,SLPS_255.89,DVD
Naruto - Ultimate Ninja 3,SLES_552.37,DVD
Naruto - Ultimate Ninja 4,SLES_554.82,DVD
Naruto Narutimate Accel,SLPS_257.68,DVD
Naruto Narutimate Accel 2 2D,SLPS_258.37,DVD
Naruto Ultimate Ninja 3,SLES_552.37,DVD
Naruto Ultimate Ninja 5,SLES_556.05,DVD
NASCAR - Thunder 2004,SLUS_208.24,DVD
NASCAR 09 (NTSC),SLUS_217.44,DVD
NASCAR 98,SLUS_005.21,CD
NASCAR Rumble,SLUS_010.68,CD
NBA 2K11,SLES_556.45,DVD
NBA 2K12,SLES_556.59,DVD
NBA Live 09,SLES_553.37,DVD
nba live 2003,SLUS_014.83,CD
NBA LIVE 99,SLUS_007.36,CD
NBA Street 2,SLUS_206.51,DVD
NBA Street V3,SLES_530.01,DVD
NEED FOR SPEED - HIGH STAKES,SLUS_008.26,CD
Need for Speed - ProStreet,SLUS_216.58,DVD
NEED FOR SPEED - ROAD CHALLENGE,SLES_017.90,CD
Need for Speed - U2 shadou,SLPM_660.51,DVD
Need for Speed - Underground 2,SLES_527.25,DVD
Need for Speed Carbon,SLES_543.23,DVD
Need for Speed Hot Pursuit 2,SLES_507.31,DVD
NEED FOR SPEED II,SLUS_002.76,CD
NEED FOR SPEED III - HOT PURSUIT,SLUS_006.20,CD
Need for Speed Most Wanted,SLUS_212.67,DVD
Need for Speed Porsche Unleashed,SLUS_011.04,CD
Need for Speed Undercover,SLUS_218.01,DVD
Need for Speed Underground,SLUS_208.11,DVD
Need for Speed Underground NTSC,SLUS_208.11,DVD
Need forSpeedMosWantedBlacEditio,SLUS_213.51,DVD
NEOGEO BATTLE COLISEUM,SLUS_217.08,DVD
NeoGeo CD (MVS) com 106 Jogos,NGCD_106.06,DVD
NFL BLITZ 2000,SLUS_008.61,CD
NHL 2004,SLES_517.98,DVD
NHL 98,SLUS_005.19,CD
NIGHTMARE CREATURES,SCES_005.82,CD
NIGHTMARECREATURES2,SLUS_011.12,CD
OBSCURE,SLES_525.08,DVD
OBSCURE - THE AFTERMATH,SLUS_217.09,DVD
OKAMI,SLES_544.39,DVD
OMEGA BOOST,SCUS_944.49,CD
One Piece Grand Adventure,SLUS_214.35,DVD
One Piece Grand Battle 3,SLPS_253.15,DVD
One Piece Pirates Carnival,SLUS_213.64,DVD
ONI,SLES_501.79,DVD
ONIMUSHA - WARLORDS,SLES_502.47,DVD
Onimusha 2 SD,SLES_509.78,DVD
Onimusha 3 Demon Siege,SLES_519.14,DVD
Onimusha DOD 1,SLES_820.38,DVD
Onimusha DOD 2,SLES_820.39,DVD
OVERBLOOD,SLUS_004.64,CD
OverBlood 2 (Disc 1),SLES_018.79,CD
OverBlood 2 (Disc 2),SLES_118.79,CD
Pac-Man Fever,SLUS_201.97,DVD
Pac-Man World,SLUS_004.39,CD
Pac-man World 3,SLES_539.59,DVD
Pac-Man World Rally,SLES_545.84,DVD
PANDEMONIUM,SLUS_002.32,CD
PARAPPA THE RAPPER,SCUS_941.83,CD
Parasite Eve (Disc 2),SLUS_006.68,CD
Parasite Eve (USA) (Disc 1),SLUS_006.62,CD
Parasite Eve II (Disc 1),SLUS_010.42,CD
Parasite Eve II (Disc 2),SLUS_010.55,CD
PepsimaN,SLPS_017.62,CD
Persona,SLUS_003.39,CD
Persona 2 Eternal Punishment,SLUS_011.58,CD
Persona 3,SLUS_215.69,DVD
Persona 4,SLUS_217.82,DVD
PES 15 Ultimate Team,SLES_556.66,DVD
PES 2009 Pro Evolution Soccer,SLUS_218.21,DVD
Pes 2010 - Clausura 2010,SLES_555.89,DVD
PES 2010 Pro Evolution Soccer,SLUS_219.18,DVD
PES 2012 Pro Evolution Soccer,SLUS_219.48,DVD
PES 2013 Pro Evolution Soccer,SLUS_219.55,DVD
PES 2019 - Superliga,SLES_556.76,DVD
PES 2019 DLC 40,SLES_556.76,DVD
PES 2021 Liga Argentina,SLES_556.76,DVD
PES 2023,SLES_556.76,DVD
PES 3,SLES_519.12,DVD
PES 5 LEGENDS,SLES_535.44,DVD
PES 6 Clausura 2007,SLES_543.62,DVD
PES Argentino 2011 v2,SLES_543.62,DVD
PES clausura 2009,SLES_543.63,DVD
pes conmebol 2023,SLES_556.76,DVD
PES GALAXY 2024,SLES_556.76,DVD
PES Management,SLES_538.99,DVD
PES UNIVERSE S3,SLES_556.76,DVD
PES2024,SLES_556.73,DVD
PES2025,SLES_556.73,DVD
PES6 - Clausura Argentino 2008,SLES_543.62,DVD
Peter Jacksons King Kong,SLES_537.03,DVD
PGA TOUR GOLF 98,SLUS_005.17,CD
PINK PANTHER,SLES_039.32,CD
Pirates of CaribbeanWorlds End,SLES_541.79,DVD
Pitfall The Lost Expedition,SLES_516.90,DVD
POCKET FIGHTER,SLUS_006.53,CD
POPULOUS - THE BEGINNING1,SLUS_002.77,CD
PORSCHE CHALLENGE,SCUS_941.87,CD
Power Rangers - Dino Thunder,SLUS_209.44,DVD
Power Rangers Super Legends,SLUS_216.79,DVD
POWER SPIKE PRO BEACH VOLLEYBALL,SLUS_011.96,CD
Predator - Concrete Jungle,SLUS_208.75,DVD
Primal,SCES_511.35,DVD
PRIMAL RAGE,SLUS_001.26,CD
Prince of Persia Sands of Time,SLUS_207.43,DVD
Prince of Persia Two Thrones RIP,SLUS_212.87,DVD
Prince of Persia Warrior Within,SLUS_210.22,DVD
Pro Beach Soccer,SLES_514.92,DVD
Pro Evolution Soccer 2008,SLES_549.13,DVD
Pro Evolution Soccer 2011,SLES_556.38,DVD
Pro Evolution Soccer 2014,SLES_556.76,DVD
Pro Evolution Soccer 2016,SLES_556.76,DVD
Pro Evolution Soccer 2017,SLES_556.76,DVD
Pro Evolution Soccer 2018,SLES_556.76,DVD
Pro Evolution Soccer 2020,SLES_556.76,DVD
Pro Evolution Soccer 2021,SLES_556.76,DVD
Pro Evolution Soccer 3,SLES_519.12,DVD
Pro Evolution Soccer 6,SLES_543.62,DVD
PROJECT ZERO,SLES_508.21,DVD
Project Zero 2 Crimson Butterfly,SLES_523.84,DVD
Project Zero 3 - Tormented,SLES_538.25,DVD
Psychonauts ESP,SLES_538.30,DVD
PUMA STREET SOCCER,SLES_012.03,CD
Pump It Up Exceed,SLUS_211.31,DVD
Puzzle Quest,SLUS_216.92,DVD
PWE Liga Ascenso Argentino 2023,SLES_556.76,DVD
QUAKE II,SLUS_007.57,CD
R-TYPE DELTA,SCES_017.62,CD
R-Type Final,SLES_519.52,DVD
R-TYPES,SLES_013.55,CD
RALLY CROSS 2,SCUS_942.47,CD
RAMPAGE 2 - UNIVERSAL TOUR,SLUS_007.42,CD
Rampage Total Destruction,SLES_538.00,DVD
Ratchet & Clank UP UR Arsenal,SCUS_973.53,DVD
Ratchet and Clank 3,SCES_524.56,DVD
Ratchet Clank,SCUS_971.99,DVD
Ratchet Gladiator Deadlocked,SCES_532.85,DVD
Rayman,SLUS_000.05,CD
RAYMAN 2 - THE GREAT ESCAPE,SLUS_012.35,CD
Rayman 3 - Hoodlum Havoc,SLES_512.22,DVD
Ready 2 Rumble Boxing Round 2,SLES_028.50,CD
Red Dead Revolver,SLES_524.78,DVD
Red Faction,SLUS_200.73,DVD
Red Faction 2,SLES_511.33,DVD
Red Ninja KNM,SLPM_659.45,DVD
RESERVOIR DOGS,SLUS_214.79,DVD
Resident Evil - Outbreak,SLES_515.89,DVD
Resident Evil - Outbreak File 2,SLES_533.19,DVD
RESIDENT EVIL - SURVIVOR,SLES_027.32,CD
Resident Evil (USA),SLUS_001.70,CD
RESIDENT EVIL 3 - NEMESIS,SLUS_009.23,CD
Resident Evil 4,SLUS_211.34,DVD
Resident Evil 4,SLES_537.02,DVD
Resident Evil Code Veronica,SLES_503.06,DVD
Resident Evil Code Veronica X,SLES_503.06,DVD
Resident Evil Dead Aim,SLES_514.48,DVD
Resident Evil Directors Cut,SLUS_007.47,CD
Resident Evil Directors Cut DS,SLUS_007.47,CD
Resident Evil Survivor 2 CV,SLES_506.50,DVD
ResidentEvil 2 DualShock(Disc 1),SLUS_007.48,CD
ResidentEvil 2 DualShock(Disc 2),SLUS_007.56,CD
RIDGE RACER,SCES_000.01,CD
RIDGE RACER REVOLUTION,SCES_002.42,CD
Rise to Honour,SCES_519.71,DVD
Rival Schools,SLUS_007.71,CD
Rival Schools United by Fate D2,SLUS_007.71,CD
Road Rash (USA),SLUS_000.35,CD
Rock Band,SLES_550.39,DVD
Rockman Power Battle Fighters,SLPM_624.91,DVD
Rocky Legends,SLES_527.61,DVD
Rogue Galaxy,SCES_545.52,DVD
Rogue Galaxy DVD5,SCES_545.52,DVD
ROGUE TRIP - VACATION 2012,SLUS_006.43,CD
Rugby 08,SLUS_216.40,DVD
RULE OF ROSE,SLES_542.18,DVD
Saint Seiya The Hades,SLES_541.62,DVD
Saint Seiya The Sanctuary,SLES_532.01,DVD
SAMURAI SHOWDOWN WR,SLUS_010.39,CD
Samurai Warriors 2,SLUS_214.62,DVD
Samurai Warriors 2 XL,SLUS_217.26,DVD
Samurai Warriors XL,SLUS_210.80,DVD
Samurai Western,SLES_532.34,DVD
Scarface The World Is Yours,SLES_541.82,DVD
SCOOBY-DOO - FIRST FRIGHTS,SLUS_219.00,DVD
SCOOBY-DOO THE SPOOKY SWAMP,SLES_556.09,DVD
Second Sight,SLES_526.70,DVD
Sega Ages 2500 Columns,SLPM_624.25,DVD
Sega Classics Collection,SLUS_210.09,DVD
SEGA EMU,PGEN_151.10,DVD
SEGA Genesis Super Collection,SLUS_754.92,DVD
Sega Sports Tennis,SLUS_204.80,DVD
Sega Superstars Tennis,SLUS_217.33,DVD
"sep=,",,
SHADOW MAN,SLES_009.47,CD
Shadow of Rome,SLES_529.50,DVD
Shadow of the Colossus,SCES_533.26,DVD
SHAUN WHITE SNOWBOARDING,SLUS_218.53,DVD
ShinMegamiTensei- Devil Summoner,SLUS_214.31,DVD
SHINOBI,SCES_514.28,DVD
Shrek 2,SLES_523.82,DVD
Shrek Smash n Crash Racing (PAL),SLES_545.53,DVD
SHREK TREASURE HUNT,SLUS_014.63,CD
SILENT BOMBER,SLUS_009.02,CD
SILENT HILL,SLUS_007.07,CD
Silent Hill 2 - Directors Cut,SLES_511.56,DVD
Silent Hill 3,SLES_514.34,DVD
Silent Hill 4 - The ROOM,SLES_524.45,DVD
Silent Hill Origins,SLUS_217.31,DVD
Silent Hill Shattered Memories,SLUS_218.99,DVD
SKULLMONKEYS,SLUS_006.01,CD
SKYGUNNER,SLUS_203.84,DVD
Sly 2 Band of Thieves,SCES_525.29,DVD
Sly 3,SCES_534.09,DVD
SmackDown vs. Raw,SLES_527.81,DVD
SmackDown vs. Raw 2007,SLUS_214.27,DVD
SMALL SOLDIERS,SLUS_007.81,CD
Sniper Elite,SLES_518.20,DVD
SOCOM 3 - US Navy SEALs,SCUS_974.74,DVD
SOCOM II - US Navy SEALs,SCES_519.04,DVD
SOCOM US Navy SEALs CA,SCES_544.77,DVD
SONIC HEROES,SLUS_207.18,DVD
Sonic Mega Collection Plus,SLUS_209.17,DVD
Sonic Raiders,SLUS_213.31,DVD
Sonic Raiders - Zero Gravity,SLUS_216.42,DVD
Sonic Unleashed,SLUS_218.46,DVD
SOS - THE FINAL ESCAPE,SLES_513.01,DVD
SOUL BLADE,SLUS_002.40,CD
Soulcalibur II,SLES_517.99,DVD
Soulcalibur III,SCES_533.12,DVD
SOUTH PARK RALLY,SLUS_009.84,CD
SPACEFISHERMEN,SCPS_110.25,CD
Spartan Total Warrior,SLES_533.93,DVD
Spawn Armaggedon,SLES_523.26,DVD
Speed Racer,SLUS_218.12,DVD
SPEED RACER - THE VIDEOGAME,SLUS_218.12,DVD
Spider-Man,SLUS_008.75,CD
Spider-Man - Friend or Foe,SLES_549.01,DVD
Spider-Man 2,SLES_523.72,DVD
Spider-Man 2 - Enter - Electro,SLUS_013.78,CD
Spider-Man 3,SLES_547.24,DVD
Spider-Man Web of Shadows,SLES_553.72,DVD
SpongeBob The Movie,SLES_529.86,DVD
SPYRO - A HEROS TAIL,SLES_525.69,DVD
Spyro - A New Beginning,SLES_543.59,DVD
Spyro - Dawn of the Dragon,SLES_551.63,DVD
Spyro - Enter the Dragonfly,SLES_510.43,DVD
Spyro - The Eternal Night,SLES_548.15,DVD
SPYRO 2 - RIPTOS RAGE,SCUS_944.25,CD
SPYRO 3 - YEAR OF THE DRAGON,SCES_028.35,CD
Spyro the Dragon (USA),SCUS_942.28,CD
SS Globs of Doom,SLES_552.72,DVD
SSTH Lat,SLPS_257.44,DVD
Star Wars - Battlefront,SLES_525.45,DVD
STAR WARS - BOUNTY HUNTER,SLES_508.35,DVD
Star Wars - The Clone Wars,SLUS_219.13,DVD
Star Wars - The Force Unleashed,SLES_546.58,DVD
Star Wars Battlefront II,SLES_535.01,DVD
Star Wars Republic Heroes,SLUS_219.13,DVD
Star Wars Revenge of the Sith,SLES_531.55,DVD
Stealth Force The War on Terror,SLES_533.61,DVD
STREET FIGHTER ALPHA 3,SLUS_008.21,CD
Street Fighter Alpha Anthology,SLES_540.85,DVD
STREET FIGHTER COLLECTION 2,SLUS_007.46,CD
STREET FIGHTER EX 2 PLUS,SLUS_011.05,CD
Street Fighter III 3rd Strike,SLPM_656.21,DVD
STREET SK8ER,SLUS_008.18,CD
Stret Fighter AniversaryColectio,SLUS_209.49,DVD
Stuntman Ignition,SLES_548.20,DVD
Suikoden II (USA),SLUS_009.58,CD
Super Dragon Ball Z,SLES_541.61,DVD
Super Mario 64,SLUS_623.90,DVD
Super mario bros collection,SLUS_000.09,DVD
SUPER SHOT SOCCER,SLUS_014.64,CD
Superman - Shadows of Apokolips,SLES_507.95,DVD
Superman Returns,SLES_543.51,DVD
SUPERNINTENDO,SLUS_999.99,DVD
SWAT - Global Strike Team,SLES_519.97,DVD
Syberia,SLES_513.93,DVD
SYPHON FILTER,SCES_019.14,CD
Syphon Filter 2 (Disc 1),SCES_022.89,CD
Syphon Filter 2 (Disc 2),SCES_122.89,CD
SYPHON FILTER 3,SCES_037.01,CD
Tale of the Forsaken Land,SLUS_202.59,DVD
Teenage Mutant Ninja Turtles 3,SLES_538.50,DVD
TEKKEN,SLUS_000.06,CD
TEKKEN 2,SCES_002.55,CD
Tekken 3,SLUS_004.02,CD
Tekken 4,SCES_508.78,DVD
Tekken 5,SCES_532.02,DVD
TENCHU - STEALTH ASSASSINS,SLES_013.74,CD
tenchu 2,SLUS_009.39,CD
Tenchu Fatal Shadows,SLES_530.16,DVD
Tenchu La Ira del Cielo,SLES_514.00,DVD
TENNIS ARENA,SLES_009.35,CD
Terminator 3 - The Redemption,SLES_522.83,DVD
Test Drive - Eve of Destruction,SLUS_209.10,DVD
The Adventures of Cookie Cream,SLUS_201.70,DVD
The Bard's Tale,SLES_531.54,DVD
The Da Vinci Code,SLES_540.31,DVD
The Doc of Metal Gear Solid 2,SLES_820.10,DVD
THE DUKES OF HAZZARD,SLUS_008.59,CD
The Fast and the Furious,SLUS_214.49,DVD
The Fear (Disc 4),SLPM_650.43,DVD
The Fear D1,SLPM_650.40,DVD
The Fear D2,SLPM_650.41,DVD
The Fear D3,SLPM_650.42,DVD
THE FIFTH ELEMENT,SLUS_007.11,CD
The Getaway,SCUS_971.33,DVD
THE GETAWAY - BLACK MONDAY,SCUS_974.08,DVD
The Incredible Hulk,SLUS_209.41,DVD
The Incredible Hulk,SLES_552.54,DVD
THE ITALIAN JOB,SLUS_014.57,CD
The King Of Fighters 10 in 1,PSTG_060.42,DVD
The King of Fighters 2002 UM,SLPS_259.15,DVD
The King of Fighters 2006,SLUS_213.65,DVD
The King of Fighters 98,SLUS_218.16,DVD
THE KING OF FIGHTERS 99,SLUS_013.32,CD
The King of Fighters MI 2,SLES_542.55,DVD
The King of Fighters Orochi Saga,SLUS_215.54,DVD
The King of Fighters XI,SLPS_256.60,DVD
The King ofFighters2002(Tougeki),SLPS_259.83,DVD
The Legend of Dragoon (Disc 1),SCUS_944.91,CD
The Legend of Dragoon (Disc 2),SCUS_945.84,CD
The Legend of Jack Sparrow,SLES_542.37,DVD
The Matrix Path of Neo,SLES_537.99,DVD
The Punisher,SLES_530.49,DVD
THE SIMPSONS - ROAD RAGE,SLES_506.28,DVD
The Simpsons Game,SLES_549.06,DVD
The Simpsons Hit Run,SLES_518.97,DVD
The Simpsons Skateboarding,SLES_513.61,DVD
THE SIMPSONS WRESTLING,SLUS_012.27,CD
The Sims,SLES_512.57,DVD
The Sims - Busting Out,SLES_520.47,DVD
THE SIMS 2,SLES_537.18,DVD
The Sims 2 - Pets,SLES_543.47,DVD
The Sims 2 Castaway,SLES_549.03,DVD
The Sopranos - Road to Respect,SLES_542.09,DVD
The Suffering,SLES_524.39,DVD
The Suffering 2,SLES_535.27,DVD
The Thing,SLES_509.75,DVD
The Urbz Sims in the City,SLES_529.08,DVD
The Warriors,SLES_534.43,DVD
The Warriors,SLUS_212.15,DVD
The Warriors,SLUS_212.15,DVD
The X-Files Resist or Serve,SLUS_201.79,DVD
THEME HOSPITAL,SLUS_002.75,CD
THRASHER PRESENTS SKATE DESTROY,SLES_023.40,CD
THRILL KILL,SLUS_007.52,CD
TIME CRISIS,SCES_006.57,CD
TIME CRISIS - PROJECT TITAN,SCES_027.76,CD
TimeSplitters,SLES_500.78,CD
TimeSplitters 2,SLES_508.77,DVD
TimeSplitters Future Perfect,SLES_529.93,DVD
TINY TOON THE GREAT BEANSTALK,SLUS_006.38,CD
tiny_toon_adventures,SLUS_013.93,CD
tlotr third age,SLES_528.05,DVD
TMNT - Smash-Up,SLUS_219.04,DVD
TMNT 2 - Battle Nexus,SLES_530.17,DVD
TMNT 3 Mutant Nightmare,SLES_538.50,DVD
TOCA Race Driver 3,SLES_530.87,DVD
TOM CLANCYS RAINBOW SIX,SLES_011.36,CD
Tom Clancys Rainbow Six 3,SLES_522.88,DVD
Tom Clancys Rainbow Six Lockdown,SLES_531.04,DVD
Tom Clancys Splinter Cell,SLES_514.66,DVD
Tom Jerry War of the Whiskers,SLUS_203.55,DVD
TOMB RAIDER,SLUS_001.52,CD
TOMB RAIDER - ANNIVERSARY RIP,SLUS_215.55,DVD
Tomb Raider Chronicles,SLES_033.36,CD
TOMB RAIDER II,SLES_007.18,CD
TOMB RAIDER III,SLUS_006.91,CD
TOMB RAIDER IV,SLES_022.42,CD
TOMB RAIDER THE LAST REVELATION,SLUS_008.85,CD
Tomb Raider Underworld,SLES_554.42,DVD
TOMBA1,SCUS_942.36,CD
TomClancy Splinter CelDoubleAgen,SLUS_213.56,DVD
Tony Hawk's Underground,SLES_518.54,DVD
TONY HAWKS AMERICAN WASTELAND,SLES_535.35,DVD
Tony Hawks Downhill Jam,SLES_547.15,DVD
Tony Hawks Pro Skater 2,SLUS_010.66,CD
Tony Hawks Pro Skater 3,SLES_036.45,CD
Tony Hawks Pro Skater 3,SLUS_200.13,DVD
TONY HAWKS PRO SKATER 4,SLES_039.54,CD
Tony Hawks Pro Skater 4,SLUS_205.04,DVD
Tony Hawks Project 8,SLES_543.90,DVD
Tony Hawks Proving Ground,SLUS_216.16,DVD
Tony Hawks Skateboarding,SLES_020.55,CD
Tony Hawks Underground 2,SLES_526.22,DVD
Top Spin,SLES_531.75,DVD
Torrente 3 - El Protector,SLES_539.79,DVD
Total Overdose rip,SLUS_212.83,DVD
Transformers,SLES_523.88,DVD
Transformers RevengeofFallen,SLES_555.20,DVD
Transformers The Game,SLES_547.56,DVD
True Crime New York City,SLES_536.18,DVD
TWISTED METAL,SCES_000.61,CD
Twisted Metal - Head On,SCUS_976.21,DVD
TWISTED METAL - SMALL BRAWL,SCUS_946.42,CD
TWISTED METAL 2,SCUS_943.06,CD
TWISTED METAL 3,SCUS_942.49,CD
Twisted Metal 4,SCUS_945.60,CD
Twisted Metal Black,SCES_503.60,DVD
TWISTED METAL PAL,SCES_000.61,CD
UEFA Euro 2004,SLUS_209.36,DVD
UFC Throwdown,SLUS_202.52,DVD
Ultimate Mortal Kombat Deception,SLUS_208.81,DVD
Ultimate Spider-Man,SLES_533.91,DVD
Under the Skin,SLES_527.19,DVD
Underground 2 Shadou,SLPM_660.51,DVD
Underground J-Tune,SLPM_656.14,DVD
URBAN CHAOS,SLES_020.71,CD
Urban Chaos RR,SLES_539.91,DVD
Urban Reign,SCES_536.88,DVD
V-RALLY 2 - CHAMPIONSHIP EDITION,SLES_019.07,CD
V8_SECOND_OFFENSE,SLUS_008.68,CD
VAGRANT STORY,SLES_027.54,CD
Valkyrie Profile (Disc 1),SLUS_011.56,CD
Valkyrie Profile (Disc 2),SLUS_011.79,CD
VAMPIRE HUNTER D,SLUS_011.38,CD
Van Helsing,SLES_519.08,DVD
VICE_001.22,VICE_001.22,DVD
Victorious Boxers 2 FS,SLES_533.38,DVD
Viewtiful Joe,SLES_526.78,DVD
Viewtiful Joe 2,SLES_528.68,DVD
VIGILANTE 8,SLUS_005.10,CD
Vigilante 8 2nd Offense,SLES_021.62,CD
Virtua Fighter 4 Evolution,SLES_516.16,DVD
Virtua Tennis 2,SLES_512.32,DVD
VP 2 Silmeria,SLES_546.48,DVD
WACKY RACES,SLES_024.68,CD
WAR GODS,SLES_005.38,CD
WARCRAFT II - THE DARK SAGA,SLUS_004.80,CD
Warhammer 40000 – Firewarrior,SLES_509.58,DVD
WARPATH - JURASSIC PARK,SLUS_009.76,CD
Warriors Orochi,SLUS_216.62,DVD
Warriors Orochi 2,SLES_553.82,DVD
winnin eleven 2007 INGLES,SLPM_870.56,CD
Winning Eleven - PES 2007,SLUS_214.64,DVD
Winning Eleven 10 LIGA CHILENA 2,SLPM_663.74,DVD
WINNING ELEVEN 11World V5,SLPM_663.74,DVD
Winning Eleven 2000 English,SLPM_866.00,CD
Winning Eleven 2006,SLPM_622.68,DVD
Winning Eleven 2007 Championship,SLPM_668.10,DVD
Winning Eleven 2009 Championship,SLPM_551.82,DVD
Winning Eleven 2018,SLPM_663.74,DVD
WINNING ELEVEN 3 - FINAL VERSION,SLPM_861.62,CD
Winning Eleven 9,SLPM_660.09,DVD
Winning Eleven AFA 2004 INGLES,SLPM_870.56,CD
Winning Eleven Clausura 2004 ENG,SLPM_870.56,CD
Winning_Eleven_4,SLPM_862.91,CD
WIPEOUT,SCES_000.10,CD
Womens Volleyball Championship,SLUS_217.42,DVD
WORLD CUP 98,SLES_012.65,CD
WORLD SOCCER - WINNING ELEVEN 4,SLPM_862.91,CD
World Soccer Winning Eleven 10,SLPM_663.74,DVD
WORLD SOCCER WINNING ELEVEN 2002,SLPM_870.56,CD
World Soccer Winning Eleven 9,SLPM_660.09,DVD
WORLDS SCARIEST POLICE CHASES,SLUS_011.65,CD
WORMS,SLUS_003.36,CD
Worms 3D,SLES_518.43,DVD
WORMS ARMAGEDDON,SLUS_008.88,CD
Worms Forts - Under Siege,SLES_527.34,DVD
WRC Rally Evolved,SCES_532.47,DVD
WSWE 6 FE Esp,SLPM_622.68,CD
WSWE 6 FE Esp,SLPM_622.68,DVD
WWE 2K23 Infinitystok,SLES_556.35,DVD
WWE All Stars,SLES_556.48,DVD
WWE Here Comes the Pain,SLES_520.36,DVD
WWE SmackDown vs RAW,SLES_527.81,DVD
WWE Smackdown vs RAW 2006,SLUS_212.86,DVD
WWE SmackDown vs RAW 2008,SLES_548.79,DVD
WWE SmackDown vs RAW 2009,SLES_552.51,DVD
WWE SmackDown vs RAW 2011,SLES_556.35,DVD
WWE Smackdown vs RAW 2017,SLUS_219.39,DVD
WWE SVR 2021,SLES_556.35,DVD
WWF SMACKDOWN,SLUS_009.27,CD
WWF SMACKDOWN 2 - KNOW YOUR ROLE,SLUS_012.34,CD
WWF WAR ZONE,SLUS_004.95,CD
X-Men Legends II,SLES_533.77,DVD
X-Men Origins - Wolverine,SLES_554.95,DVD
XENOGEARS - [ 2 DISCS ],SLUS_006.64,CD
Xenogears (Spanish) (Disc 2),SLUS_006.69,CD
XIII,SLES_512.44,DVD
XITO PATCH,SLES_556.76,DVD
Yakuza,SLES_541.71,DVD
Yakuza 2,SLES_552.42,DVD
Yu-Gi-Oh CMC,SLES_525.76,DVD
YU-GI-OH FORBIDDEN MEMORIES,SLUS_014.11,CD
Yu-Gi-Oh GX Tag Force Evolution,SLES_550.17,DVD
Zone of the Enders,SLUS_201.48,DVD
,,CD
